Create table If Not Exists Employee (id int, name varchar(255), department varchar(255), managerId int);
Truncate table Employee;
insert into Employee (id, name, department, managerId) values ('101', 'John', 'A', null);
insert into Employee (id, name, department, managerId) values ('102', 'Dan', 'A', '101');
insert into Employee (id, name, department, managerId) values ('103', 'James', 'A', '101');
insert into Employee (id, name, department, managerId) values ('104', 'Amy', 'A', '101');
insert into Employee (id, name, department, managerId) values ('105', 'Anne', 'A', '101');
insert into Employee (id, name, department, managerId) values ('106', 'Ron', 'B', '101');

Create table If Not Exists Signups (user_id int, time_stamp datetime);
Create table If Not Exists Confirmations (user_id int, time_stamp datetime, action ENUM('confirmed','timeout'));
Truncate table Signups;
insert into Signups (user_id, time_stamp) values ('3', '2020-03-21 10:16:13');
insert into Signups (user_id, time_stamp) values ('7', '2020-01-04 13:57:59');
insert into Signups (user_id, time_stamp) values ('2', '2020-07-29 23:09:44');
insert into Signups (user_id, time_stamp) values ('6', '2020-12-09 10:39:37');
Truncate table Confirmations;
insert into Confirmations (user_id, time_stamp, action) values ('3', '2021-01-06 03:30:46', 'timeout');
insert into Confirmations (user_id, time_stamp, action) values ('3', '2021-07-14 14:00:00', 'timeout');
insert into Confirmations (user_id, time_stamp, action) values ('7', '2021-06-12 11:57:29', 'confirmed');
insert into Confirmations (user_id, time_stamp, action) values ('7', '2021-06-13 12:58:28', 'confirmed');
insert into Confirmations (user_id, time_stamp, action) values ('7', '2021-06-14 13:59:27', 'confirmed');
insert into Confirmations (user_id, time_stamp, action) values ('2', '2021-01-22 00:00:00', 'confirmed');
insert into Confirmations (user_id, time_stamp, action) values ('2', '2021-02-28 23:59:59', 'timeout');

Create table If Not Exists cinema (id int, movie varchar(255), description varchar(255), rating float(2, 1));
Truncate table cinema;
insert into cinema (id, movie, description, rating) values ('1', 'War', 'great 3D', '8.9');
insert into cinema (id, movie, description, rating) values ('2', 'Science', 'fiction', '8.5');
insert into cinema (id, movie, description, rating) values ('3', 'irish', 'boring', '6.2');
insert into cinema (id, movie, description, rating) values ('4', 'Ice song', 'Fantacy', '8.6');
insert into cinema (id, movie, description, rating) values ('5', 'House card', 'Interesting', '9.1');

Create table If Not Exists Prices (product_id int, start_date date, end_date date, price int);
Create table If Not Exists UnitsSold (product_id int, purchase_date date, units int);
Truncate table Prices;
insert into Prices (product_id, start_date, end_date, price) values ('1', '2019-02-17', '2019-02-28', '5');
insert into Prices (product_id, start_date, end_date, price) values ('1', '2019-03-01', '2019-03-22', '20');
insert into Prices (product_id, start_date, end_date, price) values ('2', '2019-02-01', '2019-02-20', '15');
insert into Prices (product_id, start_date, end_date, price) values ('2', '2019-02-21', '2019-03-31', '30');
Truncate table UnitsSold;
insert into UnitsSold (product_id, purchase_date, units) values ('1', '2019-02-25', '100');
insert into UnitsSold (product_id, purchase_date, units) values ('1', '2019-03-01', '15');
insert into UnitsSold (product_id, purchase_date, units) values ('2', '2019-02-10', '200');
insert into UnitsSold (product_id, purchase_date, units) values ('2', '2019-03-22', '30');

Create table If Not Exists Project (project_id int, employee_id int);
Create table If Not Exists Employee1 (employee_id int, name varchar(10), experience_years int);
Truncate table Project;
insert into Project (project_id, employee_id) values ('1', '1');
insert into Project (project_id, employee_id) values ('1', '2');
insert into Project (project_id, employee_id) values ('1', '3');
insert into Project (project_id, employee_id) values ('2', '1');
insert into Project (project_id, employee_id) values ('2', '4');
Truncate table Employee1;
insert into Employee1 (employee_id, name, experience_years) values ('1', 'Khaled', '3');
insert into Employee1 (employee_id, name, experience_years) values ('2', 'Ali', '2');
insert into Employee1 (employee_id, name, experience_years) values ('3', 'John', '1');
insert into Employee1 (employee_id, name, experience_years) values ('4', 'Doe', '2');

Create table If Not Exists Users (user_id int, user_name varchar(20));
Create table If Not Exists Register (contest_id int, user_id int);
Truncate table Users;
insert into Users (user_id, user_name) values ('6', 'Alice');
insert into Users (user_id, user_name) values ('2', 'Bob');
insert into Users (user_id, user_name) values ('7', 'Alex');
Truncate table Register;
insert into Register (contest_id, user_id) values ('215', '6');
insert into Register (contest_id, user_id) values ('209', '2');
insert into Register (contest_id, user_id) values ('208', '2');
insert into Register (contest_id, user_id) values ('210', '6');
insert into Register (contest_id, user_id) values ('208', '6');
insert into Register (contest_id, user_id) values ('209', '7');
insert into Register (contest_id, user_id) values ('209', '6');
insert into Register (contest_id, user_id) values ('215', '7');
insert into Register (contest_id, user_id) values ('208', '7');
insert into Register (contest_id, user_id) values ('210', '2');
insert into Register (contest_id, user_id) values ('207', '2');
insert into Register (contest_id, user_id) values ('210', '7');

Create table If Not Exists Queries (query_name varchar(30), result varchar(50), position int, rating int);
Truncate table Queries;
insert into Queries (query_name, result, position, rating) values ('Dog', 'Golden Retriever', '1', '5');
insert into Queries (query_name, result, position, rating) values ('Dog', 'German Shepherd', '2', '5');
insert into Queries (query_name, result, position, rating) values ('Dog', 'Mule', '200', '1');
insert into Queries (query_name, result, position, rating) values ('Cat', 'Shirazi', '5', '2');
insert into Queries (query_name, result, position, rating) values ('Cat', 'Siamese', '3', '3');
insert into Queries (query_name, result, position, rating) values ('Cat', 'Sphynx', '7', '4');

Create table If Not Exists Transactions (id int, country varchar(4), state enum('approved', 'declined'), amount int, trans_date date);
Truncate table Transactions;
insert into Transactions (id, country, state, amount, trans_date) values ('121', 'US', 'approved', '1000', '2018-12-18');
insert into Transactions (id, country, state, amount, trans_date) values ('122', 'US', 'declined', '2000', '2018-12-19');
insert into Transactions (id, country, state, amount, trans_date) values ('123', 'US', 'approved', '2000', '2019-01-01');
insert into Transactions (id, country, state, amount, trans_date) values ('124', 'DE', 'approved', '2000', '2019-01-07');

Create table If Not Exists Delivery (delivery_id int, customer_id int, order_date date, customer_pref_delivery_date date);
Truncate table Delivery;
insert into Delivery (delivery_id, customer_id, order_date, customer_pref_delivery_date) values ('1', '1', '2019-08-01', '2019-08-02');
insert into Delivery (delivery_id, customer_id, order_date, customer_pref_delivery_date) values ('2', '2', '2019-08-02', '2019-08-02');
insert into Delivery (delivery_id, customer_id, order_date, customer_pref_delivery_date) values ('3', '1', '2019-08-11', '2019-08-12');
insert into Delivery (delivery_id, customer_id, order_date, customer_pref_delivery_date) values ('4', '3', '2019-08-24', '2019-08-24');
insert into Delivery (delivery_id, customer_id, order_date, customer_pref_delivery_date) values ('5', '3', '2019-08-21', '2019-08-22');
insert into Delivery (delivery_id, customer_id, order_date, customer_pref_delivery_date) values ('6', '2', '2019-08-11', '2019-08-13');
insert into Delivery (delivery_id, customer_id, order_date, customer_pref_delivery_date) values ('7', '4', '2019-08-09', '2019-08-09');

Create table If Not Exists Activity (player_id int, device_id int, event_date date, games_played int);
Truncate table Activity;
insert into Activity (player_id, device_id, event_date, games_played) values ('1', '2', '2016-03-01', '5');
insert into Activity (player_id, device_id, event_date, games_played) values ('1', '2', '2016-03-02', '6');
insert into Activity (player_id, device_id, event_date, games_played) values ('2', '3', '2017-06-25', '1');
insert into Activity (player_id, device_id, event_date, games_played) values ('3', '1', '2016-03-02', '0');
insert into Activity (player_id, device_id, event_date, games_played) values ('3', '4', '2018-07-03', '5');